Roza_Eskenazi,Person:Musician / Singer
Joanna_Denny,Person:Author/Journalist / Writer / Poet
Michael_Phelps,Person:Sports
Pelé,Person:Sports
Akbar_the_Great,Person:Royalty
Marcel_Dionne,Person:Sports
Jean_Crowder,Person:Politician/Advisor
Busta_Rhymes,Person:Musician / Singer
Llewellyn_Atherley-Jones,Person:Politician/Advisor
Vinny_Magalhães,Person:Artist
Paul_Scardon,Person:Actor / Director / Producer
Henry_Tye,Person:Medical / Scientist / Researcher
Rob_Leatham,Person:Sports
Kobe_Bryant,Person:Sports
John_Kerr_(broadcaster),Person:Other
Michael_Ettmüller,Person:Medical / Scientist / Researcher
Eminem,Person:Musician / Singer
Morgan_Freeman,Person:Actor / Director / Producer
Christian_Ulrik_Kastrup,Person:Politician/Advisor
Portia_de_Rossi,Person:Actor / Director / Producer
Brad_Pitt,Person:Actor / Director / Producer
Timbaland,Person:Musician / Singer
Jimi_Hendrix,Person:Musician / Singer
Neil_Churchill,Person:Sports
David_Bowie,Person:Musician / Singer
Manuel_Weber,Person:Sports
Lawrence_Yates_Sherman,Person:Politician/Advisor
Mary_Mara,Person:Actor / Director / Producer
Edward_T._Breathitt,Person:Politician/Advisor
Miloš_Vraneš,Person:Sports
M.I.A._(artist),Person:Musician / Singer
Jasmine_Byrne,Person:Actor / Director / Producer
Joseph_Bancroft_Reade,Person:Religious / Priest / Minister / Cleric
Christina_Applegate,Person:Actor / Director / Producer
Judy_Landers,Person:Actor / Director / Producer
Spencer_Gene_Settles,Person:Sports
Marie_Antoinette,Person:Royalty
Olga_Ivanova_(athlete),Person:Sports
Peter_McConnell,Person:Musician / Singer
Sacha_McNeil,Person:Other
Darrell_O'Dea,Person:Musician / Singer
Oscar_Chajes,Person:Sports
Andrei_Skopich,Person:Sports
Yakov_Agranov,Person:Politician/Advisor
Rachel_Whiteread,Person:Artist
Lee_Chen-Chang,Person:Sports
Anthony_W._Dutrow,Person:Sports
Syd_Curnow,Person:Sports
John_David_Smith,Person:Business
Adam_Warren,Person:Artist
Jean-Jacques_Rousseau,Person:Author/Journalist / Writer / Poet
Caligula,Person:Royalty
Anne_Dorte_Michelsen,Person:Musician / Singer
Earl_Humphrey,Person:Musician / Singer
John_A._Macdonald,Person:Politician/Advisor
Hermann_Palka,Person:Sports
Demi_Lovato,Person:Actor / Director / Producer
Xavier_Roca_Mateo,Person:Sports
David_M._Britt,Person:Politician/Advisor
Mary_Green,Person:Other
Blas_García,Person:Actor / Director / Producer
Lucy_Ward,Person:Sports
Arata_Sugiyama,Person:Sports
Ashley_Tisdale,Person:Actor / Director / Producer
Haruna_Ishola,Person:Musician / Singer
Natalie_Coughlin,Person:Sports
Kim_Nye,Person:Sports
Michael_Felix_Hackett,Person:Politician/Advisor
Max_Adrian,Person:Actor / Director / Producer
Candice_Alley,Person:Musician / Singer
Jaala_Pulford,Person:Politician/Advisor
Prince_(musician),Person:Musician / Singer
Eva_Amador_Guillén,Person:Politician/Advisor
Luis_Alberto_Riart,Person:Politician/Advisor
Jakob_Ceporin,Person:Other
Franklin_D._Roosevelt,Person:Politician/Advisor
Dave_Stegman,Person:Sports
Jimmy_Grewer,Person:Sports
Malcolm_Sampson,Person:Sports
Mike_Cunning,Person:Sports
Neil_Patrick_Harris,Person:Actor / Director / Producer
Yukiwo,Person:Author/Journalist / Writer / Poet
James_O'Brien_(New_Zealand),Person:Politician/Advisor
Randy_Orton,Person:Sports
Emilio_Zebadúa,Person:Politician/Advisor
Mike_Hawkins,Person:Sports
Polykleitos,Person:Artist
Mark_Stammers,Person:Artist
Bill_Clinton,Person:Politician/Advisor
Elie_Radu,Person:Other
Juan_Hernández_(footballer),Person:Sports
Anílton_da_Conceição,Person:Sports
Jan_Jacobsen,Person:Military / Army / Navy / Airforce
Christian_Bale,Person:Actor / Director / Producer
Christian_Vietoris,Person:Sports
Seal_(musician),Person:Musician / Singer
John_Kissel_(New_York),Person:Politician/Advisor
Richard_Lambert_(handballer),Person:Sports
April_Winchell,Person:Actor / Director / Producer
Lorry_Gloeckner,Person:Sports
Dirk_Schuster,Person:Sports
Daniel_A._Driscoll,Person:Politician/Advisor
Jack_the_Ripper,Person:Criminal
Ciara,Person:Musician / Singer
Lisa_Gilbert,Person:Sports
George_D._Nye,Person:Politician/Advisor
Hindu_Rao,Person:Politician/Advisor
Sabahattin_Ali,Person:Author/Journalist / Writer / Poet
Timothy_Jenkins,Person:Politician/Advisor
Joseph_de_Tonquedec,Person:Religious / Priest / Minister / Cleric
Mary-Kate_and_Ashley_Olsen,Person:Actor / Director / Producer
Jordan_Clarke,Person:Actor / Director / Producer
Jay_Gordon,Person:Musician / Singer
Richard_Thorp,Person:Actor / Director / Producer
James_Wallace_Black,Person:Artist
The_Undertaker,Person:Sports
Georges_Bouriano,Person:Sports
Gary_Morris,Person:Musician / Singer
Yakov_Rylov,Person:Sports
Hugh_Hefner,Person:Author/Journalist / Writer / Poet
Martin_Olsen,Person:Sports
Patrick_Wall,Person:Politician/Advisor
Michelle_Martin,Person:Sports
Alexander_O'Handley,Person:Academic / Teacher
Dustin_Dollin,Person:Sports
Saddam_Hussein,Person:Politician/Advisor
Joseph_Stalin,Person:Politician/Advisor
Eduard_Gatiyev,Person:Sports
Rebecca_Northan,Person:Actor / Director / Producer
Gary_Chaison,Person:Academic / Teacher
Thomas_Francis_Dicksee,Person:Artist
Jesse_Wallingford,Person:Sports
Leona_Lewis,Person:Musician / Singer
Norman_Turnbull_(footballer),Person:Sports
Dennis_Ippolito,Person:Academic / Teacher
Revalina_Sayuthi_Temat,Person:Actor / Director / Producer
Rick_Salomon,Person:Celebrity
John_Lamb_Lash,Person:Author/Journalist / Writer / Poet
Katy_Perry,Person:Musician / Singer
Robin_Spry,Person:Actor / Director / Producer
Carsten_Fredgaard,Person:Sports
Armando_Quintero_Martínez,Person:Politician/Advisor
George_Leake_(merchant),Person:Business
Ludacris,Person:Musician / Singer
Susana_Chou,Person:Politician/Advisor
Ben_van_Oosten,Person:Musician / Singer
H._R_Piyasiri,Person:Politician/Advisor
Christine_Chinkin,Person:Academic / Teacher
Isabella_of_Valois,Person:Royalty
Ole_Budtz,Person:Sports
Magdalena_Aicega,Person:Sports
Maria_Ruud,Person:Politician/Advisor
Hermann_auf_der_Heide,Person:Sports
Ryan_Laight,Person:Sports
Alfred_Métraux,Person:Other
Ferid_Murad,Person:Medical / Scientist / Researcher
Jacob_Toru_Uno,Person:Religious / Priest / Minister / Cleric
John_Mayer,Person:Musician / Singer
Mark_Saul,Person:Musician / Singer
Marty_Casey,Person:Musician / Singer
P._N._Vinayachandran,Person:Medical / Scientist / Researcher
Chris_Hill_(DJ),Person:Musician / Singer
Charles_Worrod,Person:Musician / Singer
Ramón_Emeterio_Betances,Person:Politician/Advisor
Matthew_Dickman,Person:Author/Journalist / Writer / Poet
Robert_Ranulph_Marett,Person:Academic / Teacher
Heath_Ledger,Person:Actor / Director / Producer
Lou_Busch,Person:Musician / Singer
Xzibit,Person:Musician / Singer
George_Shaffer,Person:Sports
Aaliyah,Person:Musician / Singer
Ted_Johnson,Person:Sports
Johnny_Depp,Person:Actor / Director / Producer
Mario_Acuña,Person:Medical / Scientist / Researcher
Björk,Person:Musician / Singer
Birte_Christoffersen,Person:Sports
Newton_Faulkner,Person:Musician / Singer
Haimo_(dapifer),Person:Politician/Advisor
Bryan_Gilmore,Person:Sports
Matthew_Hay,Person:Medical / Scientist / Researcher
Blue_Leach,Person:Actor / Director / Producer
Dara_Torres,Person:Sports
Frank_Sinatra,Person:Musician / Singer
James_P._Kirkwood,Person:Other
Bill_Gates,Person:Business
Clark_L._Hull,Person:Academic / Teacher
Matthew_Turner_(footballer),Person:Sports
Miley_Cyrus,Person:Artist
James_Chapman_(author),Person:Author/Journalist / Writer / Poet
Sergei_Petrenko_(footballer),Person:Sports
Ronald_Reagan,Person:Politician/Advisor
Louis_Joseph_Watteau,Person:Artist
Tupac_Shakur,Person:Musician / Singer
Kevin_Mooney,Person:Musician / Singer
Tim_Callahan,Person:Academic / Teacher
Laurika_Rauch,Person:Musician / Singer
Robert_Pattinson,Person:Actor / Director / Producer
Archibald_Baxter,Person:Politician/Advisor
Rembrandt,Person:Artist
Richard_Brooker,Person:Actor / Director / Producer
Millicent_Shelton,Person:Actor / Director / Producer
Derwyn_Jones,Person:Sports
Michelle_Obama,Person:Celebrity
Carol_Gracias,Person:Celebrity
Karolina_Jovanović,Person:Sports
Charles_Plott,Person:Academic / Teacher
Rihanna,Person:Musician / Singer
Elizabeth_I_of_England,Person:Royalty
Lindsay_Lohan,Person:Actor / Director / Producer
Donald_Horne_Macfarlane,Person:Politician/Advisor
Billy_McEwan_(footballer_born_1914),Person:Sports
Danny_Alves,Person:Sports
Seth_Rogen,Person:Actor / Director / Producer
Zodiac_Killer,Person:Criminal
Barkat_Gourad_Hamadou,Person:Politician/Advisor
Vigilantius,Person:Religious / Priest / Minister / Cleric
Scott_Hazell,Person:Actor / Director / Producer
John_Edwards,Person:Politician/Advisor
Enya,Person:Musician / Singer
Nils_Waltersen_Aasen,Person:Medical / Scientist / Researcher
Arsenije_Milosevic,Person:Actor / Director / Producer
Thomas_John_I'Anson_Bromwich,Person:Academic / Teacher
Robertson_Davies,Person:Author/Journalist / Writer / Poet
Jim_Carrey,Person:Actor / Director / Producer
Vladimir_Putin,Person:Politician/Advisor
Maynard_Jack_Ramsay,Person:Medical / Scientist / Researcher
Eric_Clapton,Person:Musician / Singer
William_J._Brinkmann,Person:Other
Cung_Le,Person:Actor / Director / Producer
Usain_Bolt,Person:Sports
Janusz_Dziedzic,Person:Sports
Carlos_Acosta,Person:Artist
Fritz_Bastian,Person:Sports
Steve_Hartman,Person:Author/Journalist / Writer / Poet
Hamadou_Moustapha,Person:Politician/Advisor
Nikola_Tesla,Person:Medical / Scientist / Researcher
Marty_Reid,Person:Author/Journalist / Writer / Poet
Carlos_Castro_Mora,Person:Sports
Tom_Cruise,Person:Actor / Director / Producer
Aleksandr_Solzhenitsyn,Person:Author/Journalist / Writer / Poet
Quintin_McMillan,Person:Sports
Denis_L._Feron,Person:Business
Christoph_I._zu_Dohna-Schlodien,Person:Politician/Advisor
David_W._Hopkins,Person:Politician/Advisor
Sérgio_Sant'Anna,Person:Author/Journalist / Writer / Poet
Elizabeth_II_of_the_United_Kingdom,Person:Royalty
Fritz_Kiersch,Person:Actor / Director / Producer
Valentin_Schiedermair,Person:Musician / Singer
Simon_Gibbons,Person:Academic / Teacher
Valentina_Borrelli,Person:Sports
Bow_Wow,Person:Musician / Singer
Alexandru_Gaţcan,Person:Sports
Brenda_Song,Person:Actor / Director / Producer
Roger_de_Flor,Person:Military / Army / Navy / Airforce
Tom_Cramer,Person:Artist
Valentin_Erben,Person:Musician / Singer
Samuel_Różycki,Person:Military / Army / Navy / Airforce
Ted_Power,Person:Sports
Timanthes,Person:Artist
Mark_Salzman,Person:Author/Journalist / Writer / Poet
Shakira,Person:Musician / Singer
Nora_Simpson,Person:Artist
Antonio_Orozco,Person:Musician / Singer
Joseph_Marion_Hernández,Person:Military / Army / Navy / Airforce
Kristen_Stewart,Person:Actor / Director / Producer
John_Hyrcanus,Person:Politician/Advisor
Maren_Spliid,Person:Uncelebrated / victims / bystander / witnes
Dave_Hunt_(Christian_apologist),Person:Religious / Priest / Minister / Cleric
Hulk_Hogan,Person:Sports
Vuai_Abdallah_Khamis,Person:Politician/Advisor
Adam_Sandler,Person:Actor / Director / Producer
Maggie_Gyllenhaal,Person:Actor / Director / Producer
Stephan_Pyles,Person:Business
Tim_Worley,Person:Sports
Käte_Fenchel,Person:Academic / Teacher
Nawoon_Marcellus,Person:Politician/Advisor
Avril_Lavigne,Person:Musician / Singer
David_J._Parker,Person:Politician/Advisor
Hugo_Kronecker,Person:Medical / Scientist / Researcher
Andrei_Gorbanets,Person:Sports
Lou_Darvas,Person:Artist
Nelly,Person:Musician / Singer
Fernando_Morales_(footballer_born_1986),Person:Sports
Hal_Luscombe,Person:Sports
Flea_(musician),Person:Musician / Singer
Leonardo_Mainoldi,Person:Sports
Morris_Fishbein,Person:Author/Journalist / Writer / Poet
George_Langelaan,Person:Author/Journalist / Writer / Poet
Colin_Jerwood,Person:Musician / Singer
Michael_Meeropol,Person:Academic / Teacher
Will.i.am,Person:Musician / Singer
Alexander_Muse,Person:Business
Marilyn_Monroe,Person:Actor / Director / Producer
Britney_Spears,Person:Musician / Singer
Arnold_Schwarzenegger,Person:Politician/Advisor
Zhang_Kai,Person:Sports
Al-Saddiq_Al-Raddi,Person:Author/Journalist / Writer / Poet
Gheorghe_Bănciulescu,Person:Other
Bob_Dougherty,Person:Sports
Sergey_Dotsenko,Person:Sports
Abraham_Lincoln,Person:Politician/Advisor
Albert_Knoll,Person:Religious / Priest / Minister / Cleric
Wade_Legge,Person:Musician / Singer
Leo_Brewster,Person:Other
Pam_Hobbs,Person:Author/Journalist / Writer / Poet
Dénes_Kemény,Person:Sports
Ashton_Kutcher,Person:Actor / Director / Producer
Marc_Edwards,Person:Sports
Lahoussine_Mrikik,Person:Sports
Alf_Harbitz,Person:Author/Journalist / Writer / Poet
Francesco_da_Ponte,Person:Artist
Warren_Buffett,Person:Business
Leroy_Cronin,Person:Medical / Scientist / Researcher
William_Taylor_Adams,Person:Academic / Teacher
Henri_Puppo,Person:Sports
Hank_Perry,Person:Sports
Taavi_Rähn,Person:Sports
Natalie_Portman,Person:Actor / Director / Producer
Javed_Yazamy,Person:Criminal
Angiolo_Vestris,Person:Other
Bruce_Lee,Person:Actor / Director / Producer
Paul_Smyth_(poet),Person:Author/Journalist / Writer / Poet
Adel_Abdulaziz,Person:Sports
Nemanja_Pavlović,Person:Sports
Yamil_Adorno,Person:Actor / Director / Producer
Jenna_Jameson,Person:Business
Mao_Zedong,Person:Politician/Advisor
Kaká,Person:Sports
Talabuga,Person:Royalty
Jerzy_Zathey,Person:Medical / Scientist / Researcher
Mikheil_Saakashvili,Person:Politician/Advisor
Askia_Muhammad,Person:Author/Journalist / Writer / Poet
Ida_Vos,Person:Author/Journalist / Writer / Poet
Kanye_West,Person:Musician / Singer
John_Fitzgerald_(United_States_Coast_Guard),Person:Military / Army / Navy / Airforce
Godfrey_Nash,Person:Sports
Debbie_Black,Person:Sports
André_Carvalhas,Person:Sports
Derrick_Martin,Person:Sports
Michael_Joseph_Roche,Person:Other
Selena,Person:Musician / Singer
Simone_Ghini,Person:Artist
Kim_In-Sik,Person:Business
Uri_Or,Person:Military / Army / Navy / Airforce
William_F._Brantley,Person:Military / Army / Navy / Airforce
Liu_Xiang,Person:Sports
William_John_Clarke,Person:Religious / Priest / Minister / Cleric
Iain_McGuinness,Person:Actor / Director / Producer
Kris_Bright,Person:Sports
John_Sparks_(Oklahoma_politician),Person:Politician/Advisor
Marcell_Takács,Person:Sports
Marius_Ebbers,Person:Sports
Ice_Cube,Person:Musician / Singer
Murray_Gittos,Person:Sports
Oliver_Adams,Person:Actor / Director / Producer
Will_Smith,Person:Actor / Director / Producer
Emma_Watson,Person:Actor / Director / Producer
Paul_Newman,Person:Actor / Director / Producer
Jack_Dee,Person:Artist
Luc_Roosen,Person:Sports
Devin_Setoguchi,Person:Sports
Thomas_Chalmers_(rugby_union),Person:Sports
William_Vogt,Person:Other
Vagbhata_(Ayurveda),Person:Author/Journalist / Writer / Poet
John_Fitch_(computer_scientist),Person:Medical / Scientist / Researcher
Peride_Celal,Person:Author/Journalist / Writer / Poet
Jennifer_Aniston,Person:Actor / Director / Producer
Junnosuke_Schneider,Person:Sports
William_Colvill,Person:Religious / Priest / Minister / Cleric
Ilya_Korotkov,Person:Sports
Nostradamus,Person:Medical / Scientist / Researcher
Anthony_H._Gioia,Person:Politician/Advisor
Esther_Applunius,Person:Musician / Singer
Michael_Jordan,Person:Sports
Amy_Winehouse,Person:Musician / Singer
Megan_Fox,Person:Actor / Director / Producer
Michael_Scott_(musician),Person:Musician / Singer
Alan_Webb_(athlete),Person:Sports
Ganesh_Nana,Person:Medical / Scientist / Researcher
Tsuneko_Okazaki,Person:Medical / Scientist / Researcher
Snoop_Dogg,Person:Musician / Singer
Tom_Hoad,Person:Sports
Janice_Karman,Person:Actor / Director / Producer
Pierre_Versins,Person:Other
Fyodor_Gavrilov,Person:Artist
Shawn_Michaels,Person:Sports
Danny_Hart,Person:Sports
Nathan_F._Dixon_II,Person:Politician/Advisor
Georg_Hartung,Person:Other
Gerardus_Heymans,Person:Academic / Teacher
Lammot_du_Pont_Copeland,Person:Business
Ward_Darley,Person:Academic / Teacher
Andrés_Mata,Person:Author/Journalist / Writer / Poet
Peter_M._Weiser,Person:Military / Army / Navy / Airforce
Oliverio_Girondo,Person:Author/Journalist / Writer / Poet
Ed_Redlich,Person:Actor / Director / Producer
Jeanne_de_Béthune,Person:Royalty
Angelina_Jolie,Person:Actor / Director / Producer
Roger_Altman,Person:Business
Stephen_Beville,Person:Musician / Singer
Molly_Cheek,Person:Actor / Director / Producer
Bono,Person:Musician / Singer
Horace,Person:Author/Journalist / Writer / Poet
Ian_Trezise,Person:Politician/Advisor
Paloma_Fernández,Person:Academic / Teacher
Trevor_Drayton,Person:Other
Jimmy_Williams_(second_baseman),Person:Sports
James_A._Jerkens,Person:Sports
Candîce_Hillebrand,Person:Actor / Director / Producer
L._L._Zamenhof,Person:Medical / Scientist / Researcher
Taylor_Swift,Person:Musician / Singer
Jeremy_Wariner,Person:Sports
Magnus_Wallin,Person:Artist
Henry_Beighton,Person:Medical / Scientist / Researcher
Michael_Diversey,Person:Other
Corneille_Heymans,Person:Medical / Scientist / Researcher
Richard_C._Parsons,Person:Politician/Advisor
Glen_Wilson,Person:Sports
Takashi_Ono,Person:Sports
Adam_Tooze,Person:Academic / Teacher
Puhi_o_Aotea_Ratahi,Person:Religious / Priest / Minister / Cleric
Mary_Goldring,Person:Author/Journalist / Writer / Poet
Lloyd_Ultan,Person:Musician / Singer
Kid_Rock,Person:Musician / Singer
Merenre_Nemtyemsaf_I,Person:Royalty
James_Morrison_(British_politician),Person:Politician/Advisor
Danny_Frisella,Person:Sports
Zhang_Wei_(figure_skater),Person:Sports
Alan_Gomme-Duncan,Person:Military / Army / Navy / Airforce
Allen_Shelton,Person:Musician / Singer
Tengiz_Khubuluri,Person:Sports
Farah_Pandith,Person:Politician/Advisor
Ahmed_Shaheed,Person:Politician/Advisor
George_Washington_Hill,Person:Business
Sophocles,Person:Author/Journalist / Writer / Poet
Odie_Spears,Person:Sports
Li_Kaigu,Person:Military / Army / Navy / Airforce
Harry_Saunders,Person:Sports
Dave_Batista,Person:Sports
Karina_Habšudová,Person:Sports
Eduard_Kabos,Person:Author/Journalist / Writer / Poet
Rinaldo_Capello,Person:Sports
Vanessa_Hudgens,Person:Actor / Director / Producer
Matthew_Bloomer,Person:Sports
Buckethead,Person:Musician / Singer
Eduard_Baymukhametov,Person:Sports
Jacob,Person:Religious / Priest / Minister / Cleric
Issa_Ba,Person:Sports
Mariah_Carey,Person:Musician / Singer
Mekhi_Phifer,Person:Actor / Director / Producer
Lil_Wayne,Person:Musician / Singer
Hector_Sam,Person:Sports
Beyoncé_Knowles,Person:Musician / Singer
William_of_Montferrat_(monk),Person:Royalty
Sarah_Palin,Person:Politician/Advisor
Tamara_Sonn,Person:Academic / Teacher
Charles_Manson,Person:Criminal
Bob_Marley,Person:Musician / Singer
Martin_Connell,Person:Business
Martin_Nyrop,Person:Other
Tom_Scott_(American_football),Person:Sports
Jackie_Zoch,Person:Sports
Ben_Starr,Person:Other
Clifford_E._Randall,Person:Politician/Advisor
Saud_bin_Nasir_Al-Sabah,Person:Politician/Advisor
Vladimir_Petrov_(rower),Person:Sports
William_Smith_(poet),Person:Author/Journalist / Writer / Poet
Giuseppe_Gabrielli,Person:Medical / Scientist / Researcher
Deco,Person:Sports
Tony_DePaul,Person:Author/Journalist / Writer / Poet
Boris_Mikhailov_(photographer),Person:Artist
Paul_Thek,Person:Artist
Steve_Jobs,Person:Business
Élodie_Brouiller,Person:Sports
Candy_Jones,Person:Other
Ian_Thorpe,Person:Sports
Kang_Kek_Iew,Person:Politician/Advisor
Sarah_Osman,Person:Actor / Director / Producer
Brock_Lesnar,Person:Sports
Cirilo_R._Zayas,Person:Musician / Singer
Marco_Storari,Person:Sports
Mareko,Person:Musician / Singer
Sebastian_of_Portugal,Person:Royalty
Borita_Casas,Person:Author/Journalist / Writer / Poet
Joe_Biden,Person:Politician/Advisor
Martin_Dixon,Person:Politician/Advisor
Sean_Combs,Person:Musician / Singer
Michael_Parks,Person:Actor / Director / Producer
Bob_Dylan,Person:Musician / Singer
Brendan_Fraser,Person:Actor / Director / Producer
Frank_Padavan,Person:Politician/Advisor
Brad_Palmer,Person:Sports
Vitaly_Korotich,Person:Author/Journalist / Writer / Poet
Reid_Patterson,Person:Sports
Dmitri_Rybakin,Person:Sports
Fredrik_Nordkvelle,Person:Sports
Trajan,Person:Royalty
Dominicus_Lampsonius,Person:Author/Journalist / Writer / Poet
Hudson_Strode,Person:Academic / Teacher
Richard_Gaillardetz,Person:Academic / Teacher
Bruce_Feiler,Person:Author/Journalist / Writer / Poet
Alexander_P._Stewart,Person:Military / Army / Navy / Airforce
Ismail_Hossain_Siraji,Person:Author/Journalist / Writer / Poet
Bob_Cole_(announcer),Person:Author/Journalist / Writer / Poet
Richard_Nixon,Person:Politician/Advisor
Molière,Person:Actor / Director / Producer
Simon_of_Cremona,Person:Religious / Priest / Minister / Cleric
Jackson_C._Frank,Person:Musician / Singer
John_Lennon,Person:Musician / Singer
Oskar_Braaten,Person:Author/Journalist / Writer / Poet
Dwayne_Johnson,Person:Sports
John_Yancey_Schmitt,Person:Criminal
Charles_Tennyson_Turner,Person:Author/Journalist / Writer / Poet
John_F._Kennedy,Person:Politician/Advisor
Charlemagne,Person:Royalty
Noel_Schajris,Person:Musician / Singer
Murakuni_Oyori,Person:Military / Army / Navy / Airforce
Ne-Yo,Person:Musician / Singer
Ruth_Miller,Person:Artist
Morrissey,Person:Musician / Singer
Malcolm_McLaren,Person:Business
Raynell_Andreychuk,Person:Politician/Advisor
Gilla_Mo_Dutu_Úa_Caiside,Person:Author/Journalist / Writer / Poet
Ibrahim_Tanko,Person:Sports
Pervez_Musharraf,Person:Politician/Advisor
John_Pearson_(VC),Person:Military / Army / Navy / Airforce
August_Friedrich_Christian_Vilmar,Person:Religious / Priest / Minister / Cleric
Matthew_W._Good,Person:Politician/Advisor
Thomas_Boyle,Person:Military / Army / Navy / Airforce
Alexander_Roda_Roda,Person:Author/Journalist / Writer / Poet
Isaac_Hayes,Person:Musician / Singer
Dominique_Mbonyumutwa,Person:Politician/Advisor
Voltaire,Person:Author/Journalist / Writer / Poet
Zac_Efron,Person:Actor / Director / Producer
Hakan_Fertelli,Person:Sports
Giovanni_Battista_Livizzani,Person:Artist
Jessica_Alba,Person:Actor / Director / Producer
Pablo_Aguilar,Person:Sports
Kurt_Cobain,Person:Musician / Singer
Oscar_Blum,Person:Other
Corey_Taylor,Person:Musician / Singer
Adrian_Sarkissian,Person:Sports
The_Game_(rapper),Person:Musician / Singer
Lawrence_Jasion,Person:Other
Ben_Stiller,Person:Actor / Director / Producer
Francisco_López_(canoer),Person:Sports
Lawrence_Bayne,Person:Actor / Director / Producer
Stephanie_Sang_Xu,Person:Sports
Machiko_Washio,Person:Actor / Director / Producer
Tim_Buck,Person:Politician/Advisor
Col_Williamson,Person:Sports
50_Cent,Person:Musician / Singer
Brendan_O'Brien_(music_producer),Person:Musician / Singer
John_Billington,Person:Criminal
Whitney_Eugene_Thayer,Person:Musician / Singer
Reon_King,Person:Sports
Jesse_McCartney,Person:Musician / Singer
Robert_Wenman,Person:Politician/Advisor
James_Franco,Person:Actor / Director / Producer
Jeroboam,Person:Royalty
Nastia_Liukin,Person:Sports
Robin_Williams,Person:Actor / Director / Producer
Christopher_J._H._Wright,Person:Religious / Priest / Minister / Cleric
Kovi,Person:Actor / Director / Producer
John_Cena,Person:Actor / Director / Producer
Fania_Bergstein,Person:Author/Journalist / Writer / Poet
Vasily_Kipriyanov,Person:Academic / Teacher
Terry_Kinard,Person:Sports
Jeff_Cambridge,Person:Sports
Gwen_Stefani,Person:Musician / Singer
Vincent_Fondeviole,Person:Sports
Diogo_Tavares,Person:Sports
Júlio_Dinis,Person:Author/Journalist / Writer / Poet
Unni_Menon,Person:Musician / Singer
Jesper_Meinby,Person:Sports
Simon_I_(High_Priest),Person:Religious / Priest / Minister / Cleric
Henry_VIII_of_England,Person:Royalty
Taj_Matthews,Person:Author/Journalist / Writer / Poet
George_Meeker,Person:Actor / Director / Producer
Bodhidharma,Person:Religious / Priest / Minister / Cleric
Nancy_L._Ward,Person:Other
Maurice_Evans_(American_football),Person:Sports
Liv_Paulsen,Person:Sports
Hayden_Panettiere,Person:Actor / Director / Producer
Les_Tremayne,Person:Actor / Director / Producer
Benjamin_Franklin_Bailey,Person:Medical / Scientist / Researcher
Hilary_Duff,Person:Actor / Director / Producer
Jimmy_Page,Person:Musician / Singer
Nas,Person:Musician / Singer
Don_Metz,Person:Other
Randy_Pausch,Person:Academic / Teacher
Paulin_Tokala_Kombe,Person:Sports
Dhyanyogi_Madhusudandas,Person:Religious / Priest / Minister / Cleric
Aharon_Shabtai,Person:Author/Journalist / Writer / Poet
Edgar_Vivar,Person:Actor / Director / Producer
Emmett_Reid_Dunn,Person:Medical / Scientist / Researcher
Harmon_S._Cutting,Person:Politician/Advisor
Joshua_Eilberg,Person:Politician/Advisor
Edward_Farrer,Person:Academic / Teacher
Daniel_Rygel,Person:Sports
Maarten_van_Severen,Person:Artist
Joaquín_Lavín,Person:Politician/Advisor
Francisco_Cabañas,Person:Sports
Michael_Johnson_(athlete),Person:Sports
Chris_MacKintosh,Person:Sports
Mark_Spitz,Person:Sports
Blake_Lively,Person:Actor / Director / Producer
Magnus_Lekven,Person:Sports
Spencer_Darwin_Pettis,Person:Politician/Advisor
James_Hutchison_Cockburn,Person:Religious / Priest / Minister / Cleric
Paddy_O'Connor,Person:Sports
August_Bier,Person:Medical / Scientist / Researcher
Bobby_Van,Person:Actor / Director / Producer
Uwe_Müller,Person:Sports
Yao_Ming,Person:Sports
Saladin,Person:Royalty
Deskaheh,Person:Politician/Advisor
Libor_Zábranský,Person:Sports
Alexander_II_of_Macedon,Person:Royalty
Jens-Peter_Herold,Person:Sports
Ted_Kennedy,Person:Politician/Advisor
Tiësto,Person:Musician / Singer
Ralph_Francis_Stearley,Person:Military / Army / Navy / Airforce
Lolo_Lui,Person:Sports
Julius_Caesar,Person:Military / Army / Navy / Airforce
Ricardo_Ycaza,Person:Sports
Paul_Butler_(lawyer),Person:Politician/Advisor
Aggi_Ásgerð_Ásgeirsdóttir,Person:Artist
Freddie_Mercury,Person:Musician / Singer
Rameen_Sharif,Person:Musician / Singer
Kirsty_Coventry,Person:Sports
John_Mildenhall,Person:Other
Mark_Anderson_(writer),Person:Author/Journalist / Writer / Poet
Bert_Inks,Person:Sports
Eileen_Fulton,Person:Actor / Director / Producer
Robert_Eugene_Fannin,Person:Religious / Priest / Minister / Cleric
Remo_Giazotto,Person:Musician / Singer
Stephenie_Meyer,Person:Author/Journalist / Writer / Poet
Torben_Frank,Person:Sports
Vin_Garbutt,Person:Musician / Singer
Otto_von_Porat,Person:Sports
Tecumseh,Person:Military / Army / Navy / Airforce
Lady_Ottoline_Morrell,Person:Celebrity
Abundius_and_Abundantius,Person:Religious / Priest / Minister / Cleric
Elvis_Presley,Person:Musician / Singer
Prior_of_Strath_Fillan,Person:Religious / Priest / Minister / Cleric
Mats_Olausson,Person:Musician / Singer
Frederick_Illingworth,Person:Politician/Advisor
Ingeborg_Rasmussen,Person:Sports
Vin_Diesel,Person:Actor / Director / Producer
Daniel_Radcliffe,Person:Actor / Director / Producer
David_Abraham,Person:Sports
Carl_Petersen,Person:Politician/Advisor
LeBron_James,Person:Sports
Pierre_Gy,Person:Other
Bill_Tchato,Person:Sports
Anna_Faris,Person:Actor / Director / Producer
Sammy_Duddy,Person:Politician/Advisor
Michael_Morgan_(conductor),Person:Musician / Singer
Raymond_Apple_(rabbi),Person:Religious / Priest / Minister / Cleric
Michelle_van_Eimeren,Person:Royalty
Keith_Sintay,Person:Artist
T.I.,Person:Actor / Director / Producer
Ashwani_Kumar,Person:Politician/Advisor
Pentti_Sammallahti,Person:Artist
John_Bolaris,Person:Medical / Scientist / Researcher
Andrea_Raggi,Person:Sports
Eugeniusz_Stasiecki,Person:Military / Army / Navy / Airforce
David_Mehew,Person:Sports
Enrico_Ferri,Person:Medical / Scientist / Researcher
Edward_Willis,Person:Author/Journalist / Writer / Poet
Francis_Ford_Coppola,Person:Actor / Director / Producer
Dale_Skeen,Person:Business
Jason_Statham,Person:Actor / Director / Producer
Jim_Hart_(American_football),Person:Sports
Paul_Stewart_(concert_pianist),Person:Musician / Singer
Josephine_Schefsky,Person:Musician / Singer
Teotonio_R_de_Souza,Person:Academic / Teacher
Silvio_Bagolini,Person:Actor / Director / Producer
Bemino,Person:Military / Army / Navy / Airforce
Ari_Margo,Person:Musician / Singer
Mark_Wahlberg,Person:Actor / Director / Producer
Kirill_Sidelnikov,Person:Sports
Trueful,Person:Musician / Singer
Roger_Federer,Person:Sports
Alexander_Kronlund,Person:Musician / Singer
Lê_thi_diem_thúy,Person:Author/Journalist / Writer / Poet
Héctor_Echeverry,Person:Sports
Cornelius_Coolidge,Person:Business
DJ_Major_Tom,Person:Other
Jody_Latham,Person:Actor / Director / Producer
Garo_Gaboudagian,Person:Musician / Singer
Aimé_Cotton,Person:Medical / Scientist / Researcher
Ho_Chi_Minh,Person:Politician/Advisor
Douglas_McBain,Person:Sports
Evan_Bayh,Person:Politician/Advisor
Michael_Jackson,Person:Musician / Singer
Chris_Mayne,Person:Sports
Danièle_Djamila_Amrane-Minne,Person:Criminal
Princess_Friederike_Luise_of_Prussia,Person:Royalty
A._C._Dixon,Person:Religious / Priest / Minister / Cleric
Jhoao_Ward,Person:Sports
Joan_Bernott,Person:Author/Journalist / Writer / Poet
Jackie_Chan,Person:Actor / Director / Producer
Khalid_El_Amri,Person:Sports
Pavel_Alikin,Person:Sports
Mark_Evans_Austad,Person:Academic / Teacher
Gordon_O'Connor,Person:Politician/Advisor
Peter_Woodthorpe,Person:Actor / Director / Producer
Aurangzeb,Person:Royalty
Justin_Timberlake,Person:Musician / Singer
Pocahontas,Person:Celebrity
Carl_Lewis,Person:Sports
Simon_Mangos,Person:Sports
Charles_de_Montmagny,Person:Politician/Advisor
Johnny_Cash,Person:Musician / Singer
Joaquin_Dorfman,Person:Author/Journalist / Writer / Poet
Masayoshi_Okada,Person:Sports
A._L._Freehafer,Person:Politician/Advisor
Park_Hee-Do,Person:Sports
Nadia_Comăneci,Person:Sports
Éric_Rohmer,Person:Actor / Director / Producer
Debra_Cagan,Person:Politician/Advisor
Gary_Oldman,Person:Actor / Director / Producer
Honor_Tracy,Person:Author/Journalist / Writer / Poet
Robert_of_Molesme,Person:Religious / Priest / Minister / Cleric
Adelaide_Eliza_Ironside,Person:Artist
William_Tisdale,Person:Musician / Singer
Vithal_Nagesh_Shirodkar,Person:Medical / Scientist / Researcher
Louis_Asmo,Person:Sports
Mads_Hak,Person:Author/Journalist / Writer / Poet
Mark_Lock,Person:Sports
Deirdre_O'Connell_(actress),Person:Actor / Director / Producer
Noam_Gottesman,Person:Business
Paris_Hilton,Person:Celebrity
Alice_Connor,Person:Actor / Director / Producer
Bernd_Schmitt,Person:Academic / Teacher
Olimpia_Aldobrandini,Person:Celebrity
John_H._Edelmann,Person:Other
Viggo_Kampmann,Person:Politician/Advisor
Pamela_Anderson,Person:Actor / Director / Producer
Nicole_Scherzinger,Person:Musician / Singer
Sappho,Person:Author/Journalist / Writer / Poet
Pete_McEntegart,Person:Author/Journalist / Writer / Poet
Lloyd_Yoder,Person:Sports
Viktor_Yanukovych,Person:Politician/Advisor
Kiyohara_Tama,Person:Artist
Randy_Bartz,Person:Sports
Joe_Keohane_(footballer),Person:Sports
Jack_Black,Person:Actor / Director / Producer
Akon,Person:Musician / Singer
Onofrio_Gabrieli,Person:Artist
Huma_Bhabha,Person:Artist
Adam_Copeland,Person:Sports
Richard_Friederich_Arens,Person:Medical / Scientist / Researcher
Zouc,Person:Actor / Director / Producer
Denis_Vasilkin,Person:Sports
Steve_Beaglehole,Person:Sports
Néstor_Cerpa_Cartolini,Person:Politician/Advisor
Triple_H,Person:Sports
Utpal_Dutt,Person:Actor / Director / Producer
Malcolm_Archer,Person:Musician / Singer
Annabel_Karmel,Person:Author/Journalist / Writer / Poet
Graham_T._Allison,Person:Medical / Scientist / Researcher
Norton_Nascimento,Person:Actor / Director / Producer
Shahrukh_Khan,Person:Actor / Director / Producer
Shia_LaBeouf,Person:Actor / Director / Producer
Mohsen_Ashouri,Person:Sports
Peter_Schonemann,Person:Medical / Scientist / Researcher
Neil_Ross,Person:Actor / Director / Producer
Wim_Sonneveld,Person:Musician / Singer
Oleg_Krushin,Person:Sports
Confucius,Person:Academic / Teacher
Ronald_Vargas,Person:Sports
James_Blish,Person:Author/Journalist / Writer / Poet
Moby,Person:Musician / Singer
Charles_Offley_Harvey,Person:Military / Army / Navy / Airforce
Alfred_Schulze-Hinrichs,Person:Military / Army / Navy / Airforce
Alice_Hegan_Rice,Person:Author/Journalist / Writer / Poet
Vincenzo_Di_Meglio,Person:Politician/Advisor
Benno_Besson,Person:Actor / Director / Producer
Ronaldinho,Person:Sports
Muhammad_Ali,Person:Sports
David_Beckham,Person:Sports
David_Lafata,Person:Sports
Dr._Dre,Person:Musician / Singer
Cvijan_Milošević,Person:Sports
Fred_Wheldon,Person:Sports
Hazel_Brannon_Smith,Person:Author/Journalist / Writer / Poet
Joanna_Domańska,Person:Musician / Singer
Colin_Robinson,Person:Sports
Mary_Cover_Jones,Person:Medical / Scientist / Researcher
Barent_Gardenier,Person:Politician/Advisor
John_Braxton_Hicks,Person:Medical / Scientist / Researcher
Abbas_al-Noury,Person:Actor / Director / Producer
John_Johansen,Person:Sports
Alastair_Donaldson,Person:Musician / Singer
Chris_Richard_(baseball),Person:Sports
Omar_Minaya,Person:Sports
Srpouhi_Dussap,Person:Author/Journalist / Writer / Poet
George_H._W._Bush,Person:Politician/Advisor
Adolf_Rebner,Person:Musician / Singer
David_Nurse,Person:Sports
Livio_Maitan,Person:Politician/Advisor
Otto_Weddigen,Person:Military / Army / Navy / Airforce
Askar_Aitmatov,Person:Politician/Advisor
Rick_Levin,Person:Academic / Teacher
Aaron_Eckhart,Person:Actor / Director / Producer
Izidor_Cankar,Person:Academic / Teacher
Stephen_A._Mitchell_(Democratic_activist),Person:Politician/Advisor
Katherine_Mansfield,Person:Author/Journalist / Writer / Poet
Jim_Klobuchar,Person:Author/Journalist / Writer / Poet
Serge_Koussevitzky,Person:Musician / Singer
Mila_Kunis,Person:Actor / Director / Producer
Roscellinus,Person:Religious / Priest / Minister / Cleric
Donald_P._Scott,Person:Criminal
William_Yiampoy,Person:Sports
Kylie_Ledbrook,Person:Sports
Harold_Thomas_Cawley,Person:Politician/Advisor
Madonna_(entertainer),Person:Musician / Singer
Hou_Xiaolan,Person:Sports
Sun_Yung_Shin,Person:Author/Journalist / Writer / Poet
Hillel_Kook,Person:Politician/Advisor
Les_Jackson_(ice_hockey),Person:Sports
John_McCain,Person:Politician/Advisor
Thomas_Dillon,Person:Criminal
Leonardo_DiCaprio,Person:Actor / Director / Producer
Mohammad_Aman_Hamimi,Person:Politician/Advisor
Kader_Ferhaoui,Person:Sports
Allen_T._Treadway,Person:Politician/Advisor
The_Notorious_B.I.G.,Person:Musician / Singer
Anne_Boleyn,Person:Royalty
Ann_Marie_Fleming,Person:Actor / Director / Producer
Bernd_Baselt,Person:Musician / Singer
Rafael_Nadal,Person:Sports
António_Pinto,Person:Sports
Andriy_Yurin,Person:Sports
Hirohito,Person:Royalty
Sven_Nordin,Person:Actor / Director / Producer
Tommy_Rovelstad,Person:Sports
Jake_Gyllenhaal,Person:Actor / Director / Producer
Cristiano_Ronaldo,Person:Sports
David_Berman_(actor),Person:Actor / Director / Producer
Nizami_Pashayev,Person:Sports
Saeed_Farajpouri,Person:Musician / Singer
Daniel_H._Ludlow,Person:Academic / Teacher
Gérard_Pelletier,Person:Author/Journalist / Writer / Poet
Joseph_Nunoo-Mensah,Person:Politician/Advisor
Scarlett_Johansson,Person:Actor / Director / Producer
Jay-Z,Person:Musician / Singer
Basuki_Abdullah,Person:Artist
